Information Visualization,statistical,mathematics,drawing and artistic,computer usage,programming,computer graphics programming,human-computer interaction programming,experience evaluation,communication,collaboration,code repository
4,3,3,4,10,4,6,4,3,6,10,6
4,8,6,4,7,6,4,4,1,10,5,9
3,2,3,4,8,6,1,4,3,6,10,5
8,3,6,6,8,10,5,5,4,4,4,8
6,5,6,4,9,8,8,6,4,7,7,8
3,5,6,1,7,7,1,3,4,7,8,2
2,3,5,4,7,4,1,2,3,5,5,3
5,3,7,2,9,4,1,3,4,9,7,7
3,4,4,5,9,6,3,5,4,7,8,5
1,3,5,7,9,6,1,4,3,7,8,8
2,2,4,5,5,5,1,3,2,7,8,3
3,1,6,5,5,2,4,3,4,6,4,1
5,3,4,8,8,7,1,4,4,7,8,8
2,2,4,1,5,5,1,3,3,8,8,2
4,5,8,4,9,7,5,4,3,9,4,7
5,1,5,9,9,5,5,5,5,10,10,5
2,4,5,7,10,7,6,6,8,10,10,5
2,2,4,1,6,5,1,4,2,10,7,9
4,2,5,1,7,5,5,5,3,8,8,6
2,4,2,4,5,5,2,2,4,8,5,3
2,6,5,7,4,1,1,2,8,10,9,7
3,3,7,3,7,3,1,3,1,7,10,6
4,7,7,6,7,5,2,2,3,9,9,2
2,7,7,9,9,8,4,9,8,9,9,9
6,5,6,1,7,7,8,7,9,9,6,7
5,8,8,1,7,5,1,5,7,9,8,8
3,3,7,3,8,7,2,4,2,8,7,6
2,2,5,8,6,4,1,3,2,10,6,6
5,7,7,6,8,8,5,7,7,9,9,9
1,8,4,3,8,7,3,1,1,4,5,7
3,2,4,8,7,3,1,3,3,3,4,5
2,3,5,6,10,5,3,2,7,7,3,2
6,7,6,6,6,7,4,4,2,4,4,3
5,4,5,5,6,6,2,4,6,10,8,9
4,5,6,3,7,6,2,6,5,8,8,7
2,5,5,1,7,4,2,5,8,7,9,5
1,2,5,6,8,6,1,1,4,9,10,6
6,4,5,6,6,7,4,4,6,7,6,7
4,3,4,5,5,4,2,2,5,10,6,6
5,5,7,6,8,2,2,3,4,7,8,7
3,4,5,5,6,5,5,5,4,7,7,3
4,3,7,5,8,8,2,4,5,9,7,5
3,1,4,6,9,6,4,8,7,3,6,5
8,3,5,5,8,7,5,6,6,10,8,8
3,4,1,1,10,10,2,1,8,5,8,9
7,3,4,8,8,6,4,7,8,9,9,9
2,5,3,3,3,2,1,1,7,7,8,4
3,4,6,8,8,2,1,3,7,9,10,3
4,5,5,8,8,6,4,4,3,6,7,9
1,4,6,3,8,5,1,2,7,9,9,7
8,8,7,7,9,8,8,6,6,8,9,6
4,5,6,2,6,3,3,3,8,10,8,4
1,3,3,5,4,1,1,1,6,8,7,3
4,8,5,10,9,3,1,3,7,6,8,1
2,2,3,3,4,1,1,2,3,7,7,2
5,4,5,3,7,7,3,4,4,8,8,3
4,3,7,2,8,2,3,3,3,3,8,2
4,8,3,8,5,1,3,4,8,7,7,2
4,6,5,6,6,3,4,4,7,8,9,2
6,2,7,8,9,7,7,7,3,7,7,6
7,7,8,8,7,5,5,6,6,7,5,5
6,3,4,5,8,6,2,6,6,7,3,5
3,3,5,5,8,5,2,3,5,10,10,5
3,6,6,4,10,7,5,5,5,8,9,8
